scenario,year,field,independent,reference,difference,match
baseline,2021,profit,325700.3276450592,325700.3276450592,0.0,True
baseline,2021,tp,6026,6026,0,True
baseline,2021,liq,0,0,0,True
baseline,2021,fee,99126.18667458303,99126.18667458187,1.1641532182693481e-09,True
baseline,2021,volume,141608838.10655287,141608838.10655287,0.0,True
baseline,2021,funding,0.0,0.0,0.0,True
baseline,2021,start_wallet,133333.0,133333.0,0.0,True
baseline,2021,mdd_pct,-81.31402836338168,-81.314,-2.8363381687768197e-05,True
baseline,2022,profit,206521.93355811608,206521.9335581163,-2.0372681319713593e-10,True
baseline,2022,tp,1714,1714,0,True
baseline,2022,liq,0,0,0,True
baseline,2022,fee,62854.501517688004,62854.50151768622,1.7826096154749393e-09,True
baseline,2022,volume,89792145.0252672,89792145.0252672,0.0,True
baseline,2022,funding,0.0,0.0,0.0,True
baseline,2022,start_wallet,459033.32764506777,459033.32764506777,0.0,True
baseline,2022,mdd_pct,-75.77859560191936,-75.7786,4.3980806339050105e-06,True
baseline,2023,profit,350792.46312246524,350792.46312246524,0.0,True
baseline,2023,tp,2325,2325,0,True
baseline,2023,liq,0,0,0,True
baseline,2023,fee,106762.92355900929,106762.92355900779,1.4988472685217857e-09,True
baseline,2023,volume,152518462.22715598,152518462.22715595,2.9802322387695312e-08,True
baseline,2023,funding,0.0,0.0,0.0,True
baseline,2023,start_wallet,665555.2612032105,665555.2612032105,0.0,True
baseline,2023,mdd_pct,-13.96382950452211,-13.9638,-2.9504522109036202e-05,True
baseline,2024,profit,562603.9950074473,562603.9950074473,0.0,True
baseline,2024,tp,2364,2364,0,True
baseline,2024,liq,0,0,0,True
baseline,2024,fee,171227.3028283472,171227.30282835366,-6.461050361394882e-09,True
baseline,2024,volume,244610432.61193556,244610432.61193553,2.9802322387695312e-08,True
baseline,2024,funding,0.0,0.0,0.0,True
baseline,2024,start_wallet,1016347.7243256612,1016347.7243256611,1.1641532182693481e-10,True
baseline,2024,mdd_pct,-28.757335505282906,-28.7573,-3.5505282905745617e-05,True
baseline,2025,profit,401518.0674217415,401518.06742174143,5.820766091346741e-11,True
baseline,2025,tp,1096,1096,0,True
baseline,2025,liq,0,0,0,True
baseline,2025,fee,122201.15095444498,122201.1509544451,-1.1641532182693481e-10,True
baseline,2025,volume,174573072.7920631,174573072.79206306,2.9802322387695312e-08,True
baseline,2025,funding,0.0,0.0,0.0,True
baseline,2025,start_wallet,1578951.7193331479,1578951.7193331476,2.3283064365386963e-10,True
baseline,2025,mdd_pct,-16.034447888169716,-16.0344,-4.788816971412757e-05,True
baseline,2026,profit,220714.19724903078,220714.19724903078,0.0,True
baseline,2026,tp,493,493,0,True
baseline,2026,liq,0,0,0,True
baseline,2026,fee,67173.88611926984,67173.88611926963,2.0372681319713593e-10,True
baseline,2026,volume,95962694.45610102,95962694.45610102,0.0,True
baseline,2026,funding,0.0,0.0,0.0,True
baseline,2026,start_wallet,1980469.786754882,1980469.7867548817,2.3283064365386963e-10,True
baseline,2026,mdd_pct,-64.54564003674359,-64.5456,-4.003674359864817e-05,True
funding_only,2021,profit,310052.211572703,310052.211572703,0.0,True
funding_only,2021,tp,6026,6026,0,True
funding_only,2021,liq,0,0,0,True
funding_only,2021,fee,94363.71656560416,94363.71656560499,-8.294591680169106e-10,True
funding_only,2021,volume,134805309.3794318,134805309.3794318,0.0,True
funding_only,2021,funding,20279.0283730797,20279.0283730797,0.0,True
funding_only,2021,start_wallet,133333.0,133333.0,0.0,True
funding_only,2021,mdd_pct,-78.1735703143013,-78.1736,2.968569869210569e-05,True
funding_only,2022,profit,186384.0565869603,186384.0565869603,0.0,True
funding_only,2022,tp,1714,1714,0,True
funding_only,2022,liq,0,0,0,True
funding_only,2022,fee,56725.58243950874,56725.58243950983,-1.0913936421275139e-09,True
funding_only,2022,volume,81036546.34215678,81036546.34215678,0.0,True
funding_only,2022,funding,17137.269591607965,17137.269591607965,0.0,True
funding_only,2022,start_wallet,423106.183199633,423106.183199633,0.0,True
funding_only,2022,mdd_pct,-75.87798265417291,-75.878,1.7345827089343402e-05,True
funding_only,2023,profit,308352.3191319542,308352.3191319543,-5.820766091346741e-11,True
funding_only,2023,tp,2325,2325,0,True
funding_only,2023,liq,0,0,0,True
funding_only,2023,fee,93846.35799668403,93846.35799668267,1.367880031466484e-09,True
funding_only,2023,volume,134066225.70954607,134066225.70954607,0.0,True
funding_only,2023,funding,15329.485929808303,15329.485929808303,0.0,True
funding_only,2023,start_wallet,592352.9701949817,592352.9701949817,0.0,True
funding_only,2023,mdd_pct,-14.332491335095341,-14.3325,8.664904658672867e-06,True
funding_only,2024,profit,480160.58272336243,480160.58272336243,0.0,True
funding_only,2024,tp,2364,2364,0,True
funding_only,2024,liq,0,0,0,True
funding_only,2024,fee,146135.82952450155,146135.82952449875,2.7939677238464355e-09,True
funding_only,2024,volume,208765470.74928588,208765470.74928588,0.0,True
funding_only,2024,funding,37613.36083624102,37613.36083624102,0.0,True
funding_only,2024,start_wallet,885375.8033971456,885375.8033971456,0.0,True
funding_only,2024,mdd_pct,-30.690644271857558,-30.6906,-4.4271857557731664e-05,True
funding_only,2025,profit,336433.2531571387,336433.2531571387,0.0,True
funding_only,2025,tp,1096,1096,0,True
funding_only,2025,liq,0,0,0,True
funding_only,2025,fee,102392.7292217382,102392.72922173854,-3.346940502524376e-10,True
funding_only,2025,volume,146275327.45962688,146275327.45962688,0.0,True
funding_only,2025,funding,24397.233589512904,24397.233589512904,0.0,True
funding_only,2025,start_wallet,1327923.0252841657,1327923.0252841657,0.0,True
funding_only,2025,mdd_pct,-17.553786999076838,-17.5538,1.3000923161143874e-05,True
funding_only,2026,profit,183026.14453218842,183026.14453218842,0.0,True
funding_only,2026,tp,493,493,0,True
funding_only,2026,liq,0,0,0,True
funding_only,2026,fee,55703.60920544897,55703.60920544896,7.275957614183426e-12,True
funding_only,2026,volume,79576584.57921304,79576584.57921304,0.0,True
funding_only,2026,funding,21287.834624007097,21287.834624007097,0.0,True
funding_only,2026,start_wallet,1639959.0448517948,1639959.0448517948,0.0,True
funding_only,2026,mdd_pct,-64.11320799753994,-64.1132,-7.997539938742193e-06,True
funding_slip1bp,2021,profit,287763.06328568846,287763.06328568846,0.0,True
funding_slip1bp,2021,tp,6026,6026,0,True
funding_slip1bp,2021,liq,0,0,0,True
funding_slip1bp,2021,fee,91573.46197208231,91573.46197207845,3.856257535517216e-09,True
funding_slip1bp,2021,volume,130819231.38868538,130819231.38868538,0.0,True
funding_slip1bp,2021,funding,19887.136756492862,19887.136756492862,0.0,True
funding_slip1bp,2021,start_wallet,133333.0,133333.0,0.0,True
funding_slip1bp,2021,mdd_pct,-79.86539615370633,-79.8654,3.846293665787925e-06,True
funding_slip1bp,2022,profit,167485.66504479566,167485.66504479566,0.0,True
funding_slip1bp,2022,tp,1714,1714,0,True
funding_slip1bp,2022,liq,0,0,0,True
funding_slip1bp,2022,fee,53298.16135443819,53298.16135443735,8.440110832452774e-10,True
funding_slip1bp,2022,volume,76140230.5063391,76140230.5063391,0.0,True
funding_slip1bp,2022,funding,16756.693514234146,16756.693514234146,0.0,True
funding_slip1bp,2022,start_wallet,401208.92652920214,401208.92652920214,0.0,True
funding_slip1bp,2022,mdd_pct,-80.7258738405676,-80.7259,2.6159432394479154e-05,True
funding_slip1bp,2023,profit,272198.52805562335,272198.52805562335,0.0,True
funding_slip1bp,2023,tp,2325,2325,0,True
funding_slip1bp,2023,liq,0,0,0,True
funding_slip1bp,2023,fee,86620.43444057235,86620.43444057596,-3.6088749766349792e-09,True
funding_slip1bp,2023,volume,123743477.77224582,123743477.77224582,0.0,True
funding_slip1bp,2023,funding,13980.221611360195,13980.221611360195,0.0,True
funding_slip1bp,2023,start_wallet,551937.8980597729,551937.8980597729,0.0,True
funding_slip1bp,2023,mdd_pct,-14.007982713251929,-14.008,1.7286748070333147e-05,True
funding_slip1bp,2024,profit,415834.2085921175,415834.2085921175,0.0,True
funding_slip1bp,2024,tp,2364,2364,0,True
funding_slip1bp,2024,liq,0,0,0,True
funding_slip1bp,2024,fee,132328.9294060463,132328.92940604853,-2.2118911147117615e-09,True
funding_slip1bp,2024,volume,189041327.72292295,189041327.72292295,0.0,True
funding_slip1bp,2024,funding,33852.41569950557,33852.41569950557,0.0,True
funding_slip1bp,2024,start_wallet,810156.2045040278,810156.2045040278,0.0,True
funding_slip1bp,2024,mdd_pct,-30.798010344044062,-30.798,-1.034404406397016e-05,True
funding_slip1bp,2025,profit,286364.0407045887,286364.0407045887,0.0,True
funding_slip1bp,2025,tp,1096,1096,0,True
funding_slip1bp,2025,liq,0,0,0,True
funding_slip1bp,2025,fee,91128.25771387441,91128.25771387645,-2.0372681319713593e-09,True
funding_slip1bp,2025,volume,130183225.30553478,130183225.30553478,0.0,True
funding_slip1bp,2025,funding,21546.056274417366,21546.056274417366,0.0,True
funding_slip1bp,2025,start_wallet,1192137.9973966442,1192137.9973966442,0.0,True
funding_slip1bp,2025,mdd_pct,-16.28986799153318,-16.2899,3.200846682105407e-05,True
funding_slip1bp,2026,profit,153489.12261186857,153489.1226118686,-2.9103830456733704e-11,True
funding_slip1bp,2026,tp,493,493,0,True
funding_slip1bp,2026,liq,0,0,0,True
funding_slip1bp,2026,fee,48844.10866404831,48844.10866404841,-1.0186340659856796e-10,True
funding_slip1bp,2026,volume,69777298.0914982,69777298.0914982,0.0,True
funding_slip1bp,2026,funding,17401.06619854228,17401.06619854228,0.0,True
funding_slip1bp,2026,start_wallet,1456955.9818267773,1456955.9818267773,0.0,True
funding_slip1bp,2026,mdd_pct,-65.58479759507763,-65.5848,2.4049223696920308e-06,True
funding_slip2bp,2021,profit,265467.66468494193,265467.66468494193,0.0,True
funding_slip2bp,2021,tp,6026,6026,0,True
funding_slip2bp,2021,liq,0,0,0,True
funding_slip2bp,2021,fee,88514.51142205259,88514.511422052,5.820766091346741e-10,True
funding_slip2bp,2021,volume,126449302.03150196,126449302.03150196,0.0,True
funding_slip2bp,2021,funding,19010.280682420518,19010.280682420518,0.0,True
funding_slip2bp,2021,start_wallet,133333.0,133333.0,0.0,True
funding_slip2bp,2021,mdd_pct,-81.69401157385803,-81.694,-1.1573858031965756e-05,True
funding_slip2bp,2022,profit,150035.53474488304,150035.53474488316,-1.1641532182693481e-10,True
funding_slip2bp,2022,tp,1714,1714,0,True
funding_slip2bp,2022,liq,0,0,0,True
funding_slip2bp,2022,fee,50026.138097275594,50026.13809727509,5.020410753786564e-10,True
funding_slip2bp,2022,volume,71465911.56753595,71465911.56753597,-1.4901161193847656e-08,True
funding_slip2bp,2022,funding,15329.132166830732,15329.132166830746,-1.4551915228366852e-11,True
funding_slip2bp,2022,start_wallet,379790.3840025186,379790.3840025186,0.0,True
funding_slip2bp,2022,mdd_pct,-78.05805675878246,-78.0581,4.324121753995769e-05,True
funding_slip2bp,2023,profit,239589.66753953544,239589.66753953547,-2.9103830456733704e-11,True
funding_slip2bp,2023,tp,2325,2325,0,True
funding_slip2bp,2023,liq,0,0,0,True
funding_slip2bp,2023,fee,79886.04709806426,79886.04709806334,9.167706593871117e-10,True
funding_slip2bp,2023,volume,114122924.42580363,114122924.42580368,-4.470348358154297e-08,True
funding_slip2bp,2023,funding,12806.939453474364,12806.939453474373,-9.094947017729282e-12,True
funding_slip2bp,2023,start_wallet,514496.78658056405,514496.78658056445,-4.0745362639427185e-10,True
funding_slip2bp,2023,mdd_pct,-13.736435267290089,-13.7364,-3.526729008918039e-05,True
funding_slip2bp,2024,profit,360155.5134271942,360155.5134271942,0.0,True
funding_slip2bp,2024,tp,2364,2364,0,True
funding_slip2bp,2024,liq,0,0,0,True
funding_slip2bp,2024,fee,120086.14813710541,120086.1481371058,-3.92901711165905e-10,True
funding_slip2bp,2024,volume,171551640.19586357,171551640.19586357,0.0,True
funding_slip2bp,2024,funding,30710.462725735786,30710.4627257358,-1.4551915228366852e-11,True
funding_slip2bp,2024,start_wallet,741279.514666642,741279.5146666424,-4.656612873077393e-10,True
funding_slip2bp,2024,mdd_pct,-28.17245593690701,-28.1725,4.406309298943256e-05,True
funding_slip2bp,2025,profit,244443.50585756998,244443.50585757,-2.9103830456733704e-11,True
funding_slip2bp,2025,tp,1096,1096,0,True
funding_slip2bp,2025,liq,0,0,0,True
funding_slip2bp,2025,fee,81504.45560650469,81504.45560650632,-1.6298145055770874e-09,True
funding_slip2bp,2025,volume,116434936.58072373,116434936.58072378,-4.470348358154297e-08,True
funding_slip2bp,2025,funding,19499.550846460203,19499.55084646021,-7.275957614183426e-12,True
funding_slip2bp,2025,start_wallet,1070724.565368073,1070724.5653680735,-4.656612873077393e-10,True
funding_slip2bp,2025,mdd_pct,-16.717535211927512,-16.7175,-3.5211927510658825e-05,True
funding_slip2bp,2026,profit,131086.88047865665,131086.88047865673,-8.731149137020111e-11,True
funding_slip2bp,2026,tp,493,493,0,True
funding_slip2bp,2026,liq,0,0,0,True
funding_slip2bp,2026,fee,43708.1148590353,43708.11485903532,-2.1827872842550278e-11,True
funding_slip2bp,2026,volume,62440164.08433663,62440164.084336646,-1.4901161193847656e-08,True
funding_slip2bp,2026,funding,15986.427184899982,15986.427184899985,-3.637978807091713e-12,True
funding_slip2bp,2026,start_wallet,1295668.5203792155,1295668.520379216,-4.656612873077393e-10,True
funding_slip2bp,2026,mdd_pct,-61.31450306215282,-61.3145,-3.0621528210872384e-06,True
