section,item,field,independent,reference,match
client_metric,baseline,mae_vs_account_pct.mean,-0.1499,-0.1499,True
client_metric,baseline,mae_vs_account_pct.median,-0.0121,-0.0121,True
client_metric,baseline,mae_vs_account_pct.p5,-0.3504,-0.3504,True
client_metric,baseline,mae_vs_account_pct.p1,-2.0436,-2.0436,True
client_metric,baseline,mae_vs_account_pct.worst,-80.6409,-80.6409,True
client_metric,baseline,mae_vs_capital_pct.mean,-2.5122,-2.5122,True
client_metric,baseline,mae_vs_capital_pct.median,-1.1214,-1.1214,True
client_metric,baseline,mae_vs_capital_pct.p5,-8.4939,-8.4939,True
client_metric,baseline,mae_vs_capital_pct.p1,-28.5121,-28.5121,True
client_metric,baseline,mae_vs_capital_pct.worst,-112.677,-112.677,True
client_metric,baseline,utilization_pct.mean,1.7388,1.7388,True
client_metric,baseline,utilization_pct.median,1.5273,1.5273,True
client_metric,baseline,utilization_pct.p95,4.195,4.195,True
client_metric,baseline,utilization_pct.max,71.9167,71.9167,True
client_metric,baseline,liq_room_at_worst_pct.min,-6.3383,-6.3383,True
client_metric,baseline,liq_room_at_worst_pct.count_with_liq_line,21,21,True
client_metric,funding_only,mae_vs_account_pct.mean,-0.1505,-0.1505,True
client_metric,funding_only,mae_vs_account_pct.median,-0.0121,-0.0121,True
client_metric,funding_only,mae_vs_account_pct.p5,-0.3531,-0.3531,True
client_metric,funding_only,mae_vs_account_pct.p1,-2.0934,-2.0934,True
client_metric,funding_only,mae_vs_account_pct.worst,-77.5079,-77.5079,True
client_metric,funding_only,mae_vs_capital_pct.mean,-2.5122,-2.5122,True
client_metric,funding_only,mae_vs_capital_pct.median,-1.1214,-1.1214,True
client_metric,funding_only,mae_vs_capital_pct.p5,-8.4939,-8.4939,True
client_metric,funding_only,mae_vs_capital_pct.p1,-28.5121,-28.5121,True
client_metric,funding_only,mae_vs_capital_pct.worst,-112.677,-112.677,True
client_metric,funding_only,utilization_pct.mean,1.7391,1.7391,True
client_metric,funding_only,utilization_pct.median,1.5272,1.5272,True
client_metric,funding_only,utilization_pct.p95,4.1849,4.1849,True
client_metric,funding_only,utilization_pct.max,74.1574,74.1574,True
client_metric,funding_only,liq_room_at_worst_pct.min,-7.7966,-7.7966,True
client_metric,funding_only,liq_room_at_worst_pct.count_with_liq_line,21,21,True
client_metric,funding_slip1bp,mae_vs_account_pct.mean,-0.151,-0.151,True
client_metric,funding_slip1bp,mae_vs_account_pct.median,-0.0121,-0.0121,True
client_metric,funding_slip1bp,mae_vs_account_pct.p5,-0.3498,-0.3498,True
client_metric,funding_slip1bp,mae_vs_account_pct.p1,-2.0257,-2.0257,True
client_metric,funding_slip1bp,mae_vs_account_pct.worst,-81.1378,-81.1378,True
client_metric,funding_slip1bp,mae_vs_capital_pct.mean,-2.5122,-2.5122,True
client_metric,funding_slip1bp,mae_vs_capital_pct.median,-1.1214,-1.1214,True
client_metric,funding_slip1bp,mae_vs_capital_pct.p5,-8.4939,-8.4939,True
client_metric,funding_slip1bp,mae_vs_capital_pct.p1,-28.5121,-28.5121,True
client_metric,funding_slip1bp,mae_vs_capital_pct.worst,-112.677,-112.677,True
client_metric,funding_slip1bp,utilization_pct.mean,1.7386,1.7386,True
client_metric,funding_slip1bp,utilization_pct.median,1.5275,1.5275,True
client_metric,funding_slip1bp,utilization_pct.p95,4.1941,4.1941,True
client_metric,funding_slip1bp,utilization_pct.max,73.754,73.754,True
client_metric,funding_slip1bp,liq_room_at_worst_pct.min,-5.9665,-5.9665,True
client_metric,funding_slip1bp,liq_room_at_worst_pct.count_with_liq_line,21,21,True
client_metric,funding_slip2bp,mae_vs_account_pct.mean,-0.1498,-0.1498,True
client_metric,funding_slip2bp,mae_vs_account_pct.median,-0.0121,-0.0121,True
client_metric,funding_slip2bp,mae_vs_account_pct.p5,-0.3518,-0.3518,True
client_metric,funding_slip2bp,mae_vs_account_pct.p1,-2.0908,-2.0908,True
client_metric,funding_slip2bp,mae_vs_account_pct.worst,-81.0341,-81.0341,True
client_metric,funding_slip2bp,mae_vs_capital_pct.mean,-2.5122,-2.5122,True
client_metric,funding_slip2bp,mae_vs_capital_pct.median,-1.1214,-1.1214,True
client_metric,funding_slip2bp,mae_vs_capital_pct.p5,-8.4939,-8.4939,True
client_metric,funding_slip2bp,mae_vs_capital_pct.p1,-28.5121,-28.5121,True
client_metric,funding_slip2bp,mae_vs_capital_pct.worst,-112.677,-112.677,True
client_metric,funding_slip2bp,utilization_pct.mean,1.7385,1.7385,True
client_metric,funding_slip2bp,utilization_pct.median,1.5275,1.5275,True
client_metric,funding_slip2bp,utilization_pct.p95,4.1974,4.1974,True
client_metric,funding_slip2bp,utilization_pct.max,71.9171,71.9171,True
client_metric,funding_slip2bp,liq_room_at_worst_pct.min,-6.1633,-6.1633,True
client_metric,funding_slip2bp,liq_room_at_worst_pct.count_with_liq_line,21,21,True
sensitivity,F1_tick,final_wallet,2249550.337221339,,
sensitivity,F1_tick,tp_count,14158,,
sensitivity,F1_tick,liq_count,0,,
sensitivity,F1_tick,account_mdd_pct,-86.29622250442092,,
sensitivity,F1_tick,liquidated_at_ms,,,
sensitivity,F2_vol1x,final_wallet,1653363.9759116136,,
sensitivity,F2_vol1x,tp_count,12445,,
sensitivity,F2_vol1x,liq_count,0,,
sensitivity,F2_vol1x,account_mdd_pct,-91.89391583046877,,
sensitivity,F2_vol1x,liquidated_at_ms,,,
sensitivity,F3_vol2x,final_wallet,1620936.4265650422,,
sensitivity,F3_vol2x,tp_count,12311,,
sensitivity,F3_vol2x,liq_count,0,,
sensitivity,F3_vol2x,account_mdd_pct,-92.81326163605866,,
sensitivity,F3_vol2x,liquidated_at_ms,,,
sensitivity,L1_lat1s,final_wallet,1310070.7152007555,,
sensitivity,L1_lat1s,tp_count,11304,,
sensitivity,L1_lat1s,liq_count,0,,
sensitivity,L1_lat1s,account_mdd_pct,-80.91173583369354,,
sensitivity,L1_lat1s,liquidated_at_ms,,,
