scenario,field,independent,reference,difference,match
baseline,final_wallet,2201183.9840038833,2201183.984003883,4.656612873077393e-10,True
baseline,roi_pct,1550.8921152332005,1550.8921152332002,2.2737367544323206e-13,True
baseline,tp_count,14018,14018,0,True
baseline,liq_count,0,0,0,True
baseline,rebal_count,29,29,0,True
baseline,max_step,18,18,0,True
baseline,total_fee,629345.9516533348,629345.9516533348,0.0,True
baseline,total_volume,899065645.2190292,899065645.2190292,0.0,True
baseline,total_funding,0.0,0.0,0.0,True
baseline,total_slippage,0.0,0.0,0.0,True
baseline,account_mdd_pct,-81.31402836338168,-81.314,-2.8363381687768197e-05,True
baseline,trade_count,3198919867,3198919867,0,True
baseline,account_mdd_at,1621429814591,1621429814591,0,True
funding_only,final_wallet,1801697.354759988,1801697.354759988,0.0,True
funding_only,roi_pct,1251.2763942609765,1251.2763942609765,0.0,True
funding_only,tp_count,14018,14018,0,True
funding_only,liq_count,0,0,0,True
funding_only,rebal_count,27,27,0,True
funding_only,max_step,18,18,0,True
funding_only,total_fee,549167.8249535084,549167.8249535084,0.0,True
funding_only,total_volume,784525464.219271,784525464.219271,0.0,True
funding_only,total_funding,136044.21294425678,136044.21294425678,0.0,True
funding_only,total_slippage,0.0,0.0,0.0,True
funding_only,account_mdd_pct,-78.1735703143013,-78.1736,2.968569869210569e-05,True
funding_only,trade_count,3198919867,3198919867,0,True
funding_only,account_mdd_at,1621429814591,1621429814591,0,True
funding_slip1bp,final_wallet,1593044.038240107,1593044.038240107,0.0,True
funding_slip1bp,roi_pct,1094.7860156451193,1094.7860156451193,0.0,True
funding_slip1bp,tp_count,14018,14018,0,True
funding_slip1bp,liq_count,0,0,0,True
funding_slip1bp,rebal_count,25,25,0,True
funding_slip1bp,max_step,18,18,0,True
funding_slip1bp,total_fee,503793.3535510687,503793.3535510687,0.0,True
funding_slip1bp,total_volume,719704790.787227,719704790.787227,0.0,True
funding_slip1bp,total_funding,123423.59005455254,123423.59005455254,0.0,True
funding_slip1bp,total_slippage,72186.3905159629,72186.3905159629,0.0,True
funding_slip1bp,account_mdd_pct,-80.7258738405676,-80.7259,2.6159432394479154e-05,True
funding_slip1bp,trade_count,3198919867,3198919867,0,True
funding_slip1bp,account_mdd_at,1655584468897,1655584468897,0,True
funding_slip2bp,final_wallet,1410768.9736729765,1410768.973672977,-4.656612873077393e-10,True
funding_slip2bp,roi_pct,958.079375453171,958.0793754531713,-3.410605131648481e-13,True
funding_slip2bp,tp_count,14018,14018,0,True
funding_slip2bp,liq_count,0,0,0,True
funding_slip2bp,rebal_count,24,24,0,True
funding_slip2bp,max_step,18,18,0,True
funding_slip2bp,total_fee,463725.4152200285,463725.41522002855,-5.820766091346741e-11,True
funding_slip2bp,total_volume,662464878.8857667,662464878.8857667,0.0,True
funding_slip2bp,total_funding,113342.79305982144,113342.79305982152,-7.275957614183426e-11,True
funding_slip2bp,total_slippage,132890.45470447774,132890.45470447774,0.0,True
funding_slip2bp,account_mdd_pct,-81.69401157385803,-81.694,-1.1573858031965756e-05,True
funding_slip2bp,trade_count,3198919867,3198919867,0,True
funding_slip2bp,account_mdd_at,1621429814591,1621429814591,0,True
